{
  "IcoMoonType": "selection",
  "icons": [
    {
      "icon": {
        "paths": [
          "M1024 512c0 0.197 0 0.429 0 0.661 0 141.176-57.319 268.965-149.955 361.363l-0.010 0.010c-92.409 92.646-220.198 149.965-361.374 149.965-0.232 0-0.465-0-0.697-0l0.036 0c-0.197 0-0.429 0-0.661 0-141.176 0-268.965-57.319-361.363-149.955l-0.010-0.010c-92.646-92.413-149.965-220.205-149.965-361.385 0-0.229 0-0.457 0-0.686l-0 0.035c-0-0.197-0-0.429-0-0.661 0-141.176 57.319-268.965 149.955-361.363l0.010-0.010c92.413-92.646 220.205-149.965 361.385-149.965 0.229 0 0.457 0 0.686 0l-0.035-0c0.197-0 0.429-0 0.661-0 141.176 0 268.965 57.319 361.363 149.955l0.010 0.010c92.646 92.409 149.965 220.198 149.965 361.374 0 0.232-0 0.465-0 0.697l0-0.036z"
        ],
        "attrs": [
          {
            "fill": "rgb(77, 90, 229)"
          }
        ],
        "isMulticolor": false,
        "isMulticolor2": false,
        "grid": 0,
        "tags": [
          "Ellipse"
        ],
        "colorPermutations": {
          "2442442531255255255177902291": [
            {
              "f": 0
            }
          ]
        }
      },
      "attrs": [
        {
          "fill": "rgb(77, 90, 229)"
        }
      ],
      "properties": {
        "order": 2,
        "id": 8,
        "name": "Ellipse",
        "prevSize": 32
      },
      "setIdx": 0,
      "setId": 2,
      "iconIdx": 0
    },
    {
      "icon": {
        "paths": [
          "M1024 85.333l-1024 480 327.251 101.001 504.749-394.334-383.927 431.629 0.311 0.098-0.384-0.098v235.038l183.522-178.419 232.482 71.753 159.996-746.667z"
        ],
        "attrs": [
          {
            "fill": "rgb(255, 255, 255)"
          }
        ],
        "isMulticolor": false,
        "isMulticolor2": false,
        "grid": 0,
        "tags": [
          "Frame 3"
        ],
        "colorPermutations": {
          "2442442531255255255177902291": [
            {
              "f": 2
            }
          ]
        }
      },
      "attrs": [
        {
          "fill": "rgb(255, 255, 255)"
        }
      ],
      "properties": {
        "order": 3,
        "id": 7,
        "name": "Frame-3",
        "prevSize": 32
      },
      "setIdx": 0,
      "setId": 2,
      "iconIdx": 1
    },
    {
      "icon": {
        "paths": [
          "M768 256h-512c-35.2 0-63.68 28.8-63.68 64l-0.32 384c0 35.2 28.8 64 64 64h512c35.2 0 64-28.8 64-64v-384c0-35.2-28.8-64-64-64zM755.2 392l-226.24 141.44c-10.24 6.4-23.68 6.4-33.92 0l-226.24-141.44c-8-5.12-12.8-13.76-12.8-23.040 0-21.44 23.36-34.24 41.6-23.040l214.4 134.080 214.4-134.080c18.24-11.2 41.6 1.6 41.6 23.040 0 9.28-4.8 17.92-12.8 23.040z"
        ],
        "attrs": [
          {}
        ],
        "isMulticolor": false,
        "isMulticolor2": false,
        "grid": 0,
        "tags": [
          "email-black-18dp 1"
        ],
        "colorPermutations": {
          "2442442531255255255177902291": [
            {}
          ]
        }
      },
      "attrs": [
        {}
      ],
      "properties": {
        "order": 4,
        "id": 6,
        "name": "email-black-18dp-1",
        "prevSize": 32
      },
      "setIdx": 0,
      "setId": 2,
      "iconIdx": 2
    },
    {
      "icon": {
        "paths": [
          "M756.322 591.578l-78.43-8.956c-18.833-2.159-37.359 4.326-50.637 17.6l-56.815 56.815c-87.381-44.463-159.016-115.789-203.479-203.477l57.122-57.125c13.277-13.277 19.761-31.803 17.6-50.639l-8.954-77.81c-3.705-31.186-29.951-54.653-61.445-54.653h-53.417c-34.891 0-63.916 29.024-61.754 63.916 16.365 263.692 227.255 474.273 490.634 490.636 34.893 2.163 63.915-26.863 63.915-61.751v-53.419c0.311-31.185-23.155-57.429-54.34-61.137z"
        ],
        "attrs": [
          {}
        ],
        "isMulticolor": false,
        "isMulticolor2": false,
        "grid": 0,
        "tags": [
          "phone-black-18dp 1"
        ],
        "colorPermutations": {
          "2442442531255255255177902291": [
            {}
          ]
        }
      },
      "attrs": [
        {}
      ],
      "properties": {
        "order": 5,
        "id": 5,
        "name": "phone-black-18dp-1",
        "prevSize": 32
      },
      "setIdx": 0,
      "setId": 2,
      "iconIdx": 3
    },
    {
      "icon": {
        "paths": [
          "M512 512c94.293 0 170.667-76.373 170.667-170.667s-76.373-170.667-170.667-170.667c-94.293 0-170.667 76.373-170.667 170.667s76.373 170.667 170.667 170.667zM512 597.333c-113.92 0-341.333 57.173-341.333 170.667v42.667c0 23.467 19.2 42.667 42.667 42.667h597.333c23.467 0 42.667-19.2 42.667-42.667v-42.667c0-113.493-227.413-170.667-341.333-170.667z"
        ],
        "attrs": [
          {
            "fill": "rgb(77, 90, 229)"
          }
        ],
        "isMulticolor": false,
        "isMulticolor2": false,
        "grid": 0,
        "tags": [
          "person-black-18dp 1"
        ],
        "colorPermutations": {
          "2442442531255255255177902291": [
            {
              "f": 0
            }
          ]
        }
      },
      "attrs": [
        {
          "fill": "rgb(77, 90, 229)"
        }
      ],
      "properties": {
        "order": 6,
        "id": 4,
        "name": "person-black-18dp-1",
        "prevSize": 32
      },
      "setIdx": 0,
      "setId": 2,
      "iconIdx": 4
    },
    {
      "icon": {
        "paths": [
          "M682.534 170.023h93.485v-162.816c-16.128-2.219-71.597-7.211-136.192-7.211-134.784 0-227.115 84.779-227.115 240.597v143.403h-148.736v182.016h148.736v457.981h182.358v-457.939h142.722l22.656-182.016h-165.421v-125.398c0.043-52.608 14.208-88.618 87.507-88.618z"
        ],
        "attrs": [
          {
            "fill": "rgb(244, 244, 253)"
          }
        ],
        "isMulticolor": false,
        "isMulticolor2": false,
        "grid": 0,
        "tags": [
          "facebook 1"
        ],
        "colorPermutations": {
          "2442442531255255255177902291": [
            {
              "f": 1
            }
          ]
        }
      },
      "attrs": [
        {
          "fill": "rgb(244, 244, 253)"
        }
      ],
      "properties": {
        "order": 7,
        "id": 3,
        "name": "facebook-1",
        "prevSize": 32
      },
      "setIdx": 0,
      "setId": 2,
      "iconIdx": 5
    },
    {
      "icon": {
        "paths": [
          "M1022.995 301.055c-2.4-54.409-11.2-91.814-23.802-124.227-13.005-34.405-33.005-65.208-59.213-90.815-25.606-26.005-56.614-46.212-90.618-59.011-32.602-12.604-69.811-21.403-124.224-23.801-54.816-2.602-72.218-3.204-211.243-3.204-139.027 0-156.429 0.602-211.041 3.001-54.41 2.399-91.815 11.205-124.22 23.802-34.413 13.003-65.216 33.006-90.822 59.215-26.005 25.606-46.204 56.612-59.012 90.62-12.604 32.608-21.403 69.811-23.801 124.22-2.602 54.815-3.204 72.217-3.204 211.244s0.602 156.429 3.001 211.040c2.399 54.413 11.205 91.814 23.809 124.23 13.002 34.406 33.202 65.21 59.207 90.816 25.606 26.003 56.612 46.208 90.619 59.008 32.608 12.602 69.811 21.402 124.227 23.802 54.605 2.406 72.014 3.002 211.041 3.002 139.028 0 156.43-0.595 211.041-3.002 54.406-2.4 91.814-11.2 124.218-23.802 68.819-26.605 123.226-81.018 149.837-149.824 12.595-32.608 21.402-69.818 23.802-124.23 2.4-54.611 3.002-72.013 3.002-211.040s-0.205-156.429-2.605-211.041zM930.784 719.136c-2.208 50.010-10.605 77.018-17.606 95.021-17.21 44.608-52.614 80.013-97.222 97.222-18.003 7.002-45.203 15.398-95.021 17.594-54.010 2.406-70.208 3.002-206.835 3.002-136.628 0-153.030-0.595-206.845-3.002-50.010-2.195-77.014-10.592-95.018-17.594-22.2-8.205-42.406-21.21-58.808-38.214-17.004-16.602-30.006-36.608-38.211-58.81-7.002-18.003-15.402-45.21-17.597-95.014-2.407-54.010-3.001-70.221-3.001-206.846 0-136.628 0.594-153.030 3.001-206.837 2.195-50.010 10.595-77.015 17.597-95.019 8.205-22.207 21.207-42.406 38.414-58.816 16.596-17.004 36.6-30.006 58.808-38.203 18.003-7.002 45.212-15.402 95.018-17.605 54.010-2.399 70.217-3 206.837-3 136.828 0 153.027 0.602 206.844 3 50.010 2.204 77.018 10.604 95.021 17.605 22.195 8.197 42.406 21.199 58.81 38.203 16.998 16.605 30.003 36.609 38.208 58.816 7.002 18.004 15.398 45.204 17.606 95.019 2.4 54.010 3.002 70.209 3.002 206.837 0 136.625-0.602 152.632-3.002 206.641z",
          "M513.897 249.043c-145.224 0-263.052 117.82-263.052 263.051s117.828 263.055 263.052 263.055c145.233 0 263.050-117.824 263.050-263.055s-117.818-263.051-263.050-263.051zM513.897 682.726c-94.214 0-170.635-76.411-170.635-170.632s76.421-170.635 170.635-170.635c94.221 0 170.634 76.413 170.634 170.635s-76.413 170.632-170.634 170.632z",
          "M848.768 238.645c0 33.913-27.501 61.411-61.421 61.411-33.914 0-61.408-27.498-61.408-61.411 0-33.921 27.494-61.411 61.408-61.411 33.92 0 61.421 27.49 61.421 61.411z"
        ],
        "attrs": [
          {
            "fill": "rgb(244, 244, 253)"
          },
          {
            "fill": "rgb(244, 244, 253)"
          },
          {
            "fill": "rgb(244, 244, 253)"
          }
        ],
        "isMulticolor": false,
        "isMulticolor2": false,
        "grid": 0,
        "tags": [
          "instagram 2"
        ],
        "colorPermutations": {
          "2442442531255255255177902291": [
            {
              "f": 1
            },
            {
              "f": 1
            },
            {
              "f": 1
            }
          ]
        }
      },
      "attrs": [
        {
          "fill": "rgb(244, 244, 253)"
        },
        {
          "fill": "rgb(244, 244, 253)"
        },
        {
          "fill": "rgb(244, 244, 253)"
        }
      ],
      "properties": {
        "order": 8,
        "id": 2,
        "name": "instagram-2",
        "prevSize": 32
      },
      "setIdx": 0,
      "setId": 2,
      "iconIdx": 6
    },
    {
      "icon": {
        "paths": [
          "M1023.744 1024v-0.045h0.256v-375.552c0-183.722-39.552-325.247-254.336-325.247-103.251 0-172.542 56.661-200.83 110.378h-2.986v-93.226h-203.649v683.647h212.054v-338.515c0-89.132 16.896-175.318 127.277-175.318 108.755 0 110.374 101.717 110.374 181.034v332.845h211.84z",
          "M16.898 340.348h212.309v683.646h-212.309v-683.646z",
          "M122.967-0.004c-67.882 0-122.965 55.083-122.965 122.965s55.083 124.118 122.965 124.118c67.883 0 122.966-56.235 122.966-124.118-0.043-67.882-55.126-122.965-122.966-122.965v0z"
        ],
        "attrs": [
          {
            "fill": "rgb(244, 244, 253)"
          },
          {
            "fill": "rgb(244, 244, 253)"
          },
          {
            "fill": "rgb(244, 244, 253)"
          }
        ],
        "isMulticolor": false,
        "isMulticolor2": false,
        "grid": 0,
        "tags": [
          "linkedin 1"
        ],
        "colorPermutations": {
          "2442442531255255255177902291": [
            {
              "f": 1
            },
            {
              "f": 1
            },
            {
              "f": 1
            }
          ]
        }
      },
      "attrs": [
        {
          "fill": "rgb(244, 244, 253)"
        },
        {
          "fill": "rgb(244, 244, 253)"
        },
        {
          "fill": "rgb(244, 244, 253)"
        }
      ],
      "properties": {
        "order": 9,
        "id": 1,
        "name": "linkedin-1",
        "prevSize": 32
      },
      "setIdx": 0,
      "setId": 2,
      "iconIdx": 7
    },
    {
      "icon": {
        "paths": [
          "M1024 194.492c-38.080 16.704-78.656 27.776-120.96 33.152 43.52-25.984 76.736-66.816 92.352-116.032-40.576 24.192-85.376 41.28-133.12 50.816-38.528-41.024-93.44-66.432-153.344-66.432-116.226 0-209.794 94.336-209.794 209.984 0 16.64 1.408 32.64 4.864 47.872-174.528-8.512-328.96-92.16-432.704-219.584-18.112 31.424-28.736 67.392-28.736 106.112 0 72.704 37.44 137.152 93.248 174.464-33.728-0.64-66.816-10.432-94.848-25.856 0 0.64 0 1.472 0 2.304 0 102.016 72.768 186.752 168.192 206.272-17.088 4.672-35.712 6.912-55.040 6.912-13.44 0-27.008-0.768-39.744-3.584 27.2 83.133 104.384 144.253 196.16 146.237-71.424 55.872-162.112 89.536-260.288 89.536-17.216 0-33.728-0.768-50.24-2.88 92.992 59.968 203.2 94.208 322.048 94.208 386.306 0 597.506-319.997 597.506-597.373 0-9.28-0.32-18.24-0.768-27.136 41.664-29.568 76.672-66.496 105.216-108.992z"
        ],
        "attrs": [
          {
            "fill": "rgb(244, 244, 253)"
          }
        ],
        "isMulticolor": false,
        "isMulticolor2": false,
        "grid": 0,
        "tags": [
          "twitter 1"
        ],
        "colorPermutations": {
          "2442442531255255255177902291": [
            {
              "f": 1
            }
          ]
        }
      },
      "attrs": [
        {
          "fill": "rgb(244, 244, 253)"
        }
      ],
      "properties": {
        "order": 10,
        "id": 0,
        "name": "twitter-1",
        "prevSize": 32
      },
      "setIdx": 0,
      "setId": 2,
      "iconIdx": 8
    }
  ],
  "height": 1024,
  "preferences": {
    "showGlyphs": true,
    "showQuickUse": true,
    "showQuickUse2": true,
    "showSVGs": true,
    "fontPref": {
      "prefix": "icon-",
      "metadata": {
        "fontFamily": "icomoon"
      },
      "metrics": {
        "emSize": 1024,
        "baseline": 6.25,
        "whitespace": 50
      },
      "embed": false
    },
    "imagePref": {
      "prefix": "icon-",
      "png": true,
      "useClassSelector": true,
      "color": 0,
      "bgColor": 16777215,
      "classSelector": ".icon",
      "name": "icomoon",
      "height": 32,
      "columns": 16,
      "margin": 16
    },
    "historySize": 50,
    "showCodes": true,
    "gridSize": 16
  }
}